"run","cpu","workload","pair","revision","position","samples","median_ns","min_ns","max_ns"
"delivery-core0","0","insert/k8","1","baseline","1","9","314.630","295.349","609.680"
"delivery-core0","0","read_hit/k8","1","baseline","1","9","193.311","183.782","205.816"
"delivery-core0","0","read_miss/k8","1","baseline","1","9","202.775","196.832","222.287"
"delivery-core0","0","update_grow/k8","1","baseline","1","9","433.098","417.709","454.572"
"delivery-core0","0","scan/k8","1","baseline","1","9","13.776","13.382","15.183"
"delivery-core0","0","insert/k32","1","baseline","1","9","339.142","317.914","417.596"
"delivery-core0","0","read_hit/k32","1","baseline","1","9","216.904","207.592","262.070"
"delivery-core0","0","read_miss/k32","1","baseline","1","9","229.249","215.829","234.221"
"delivery-core0","0","update_grow/k32","1","baseline","1","9","448.787","441.295","514.328"
"delivery-core0","0","scan/k32","1","baseline","1","9","16.270","15.610","39.038"
"delivery-core0","0","insert/k128","1","baseline","1","9","461.383","438.757","520.868"
"delivery-core0","0","read_hit/k128","1","baseline","1","9","288.733","273.908","324.749"
"delivery-core0","0","read_miss/k128","1","baseline","1","9","307.174","286.758","341.315"
"delivery-core0","0","update_grow/k128","1","baseline","1","9","542.897","521.332","676.544"
"delivery-core0","0","scan/k128","1","baseline","1","9","32.575","31.568","43.600"
"delivery-core0","0","insert/k8","1","candidate","2","9","310.284","278.046","426.392"
"delivery-core0","0","read_hit/k8","1","candidate","2","9","200.357","177.288","267.367"
"delivery-core0","0","read_miss/k8","1","candidate","2","9","212.954","197.769","247.128"
"delivery-core0","0","update_grow/k8","1","candidate","2","9","451.825","422.195","771.863"
"delivery-core0","0","scan/k8","1","candidate","2","9","12.739","12.074","21.188"
"delivery-core0","0","insert/k32","1","candidate","2","9","344.580","315.521","503.638"
"delivery-core0","0","read_hit/k32","1","candidate","2","9","227.890","205.025","262.377"
"delivery-core0","0","read_miss/k32","1","candidate","2","9","221.959","213.290","231.752"
"delivery-core0","0","update_grow/k32","1","candidate","2","9","457.936","440.259","583.687"
"delivery-core0","0","scan/k32","1","candidate","2","9","15.425","14.475","16.561"
"delivery-core0","0","insert/k128","1","candidate","2","9","469.678","461.200","532.819"
"delivery-core0","0","read_hit/k128","1","candidate","2","9","286.192","277.179","304.414"
"delivery-core0","0","read_miss/k128","1","candidate","2","9","313.107","289.431","360.145"
"delivery-core0","0","update_grow/k128","1","candidate","2","9","621.100","583.797","707.771"
"delivery-core0","0","scan/k128","1","candidate","2","9","31.118","29.208","41.290"
"delivery-core0","0","insert/k8","2","candidate","1","9","306.079","277.850","392.657"
"delivery-core0","0","read_hit/k8","2","candidate","1","9","225.926","182.269","263.805"
"delivery-core0","0","read_miss/k8","2","candidate","1","9","200.990","184.961","209.687"
"delivery-core0","0","update_grow/k8","2","candidate","1","9","432.771","414.201","574.876"
"delivery-core0","0","scan/k8","2","candidate","1","9","12.947","12.465","21.327"
"delivery-core0","0","insert/k32","2","candidate","1","9","345.258","319.202","676.117"
"delivery-core0","0","read_hit/k32","2","candidate","1","9","220.605","208.286","339.258"
"delivery-core0","0","read_miss/k32","2","candidate","1","9","238.945","217.504","297.243"
"delivery-core0","0","update_grow/k32","2","candidate","1","9","451.715","430.275","713.855"
"delivery-core0","0","scan/k32","2","candidate","1","9","15.595","14.683","35.350"
"delivery-core0","0","insert/k128","2","candidate","1","9","472.980","435.590","571.875"
"delivery-core0","0","read_hit/k128","2","candidate","1","9","291.794","281.709","321.697"
"delivery-core0","0","read_miss/k128","2","candidate","1","9","311.561","285.525","336.668"
"delivery-core0","0","update_grow/k128","2","candidate","1","9","546.298","523.645","611.702"
"delivery-core0","0","scan/k128","2","candidate","1","9","29.560","28.301","35.050"
"delivery-core0","0","insert/k8","2","baseline","2","9","306.964","283.350","327.966"
"delivery-core0","0","read_hit/k8","2","baseline","2","9","192.450","184.708","260.061"
"delivery-core0","0","read_miss/k8","2","baseline","2","9","194.485","191.327","210.001"
"delivery-core0","0","update_grow/k8","2","baseline","2","9","431.989","417.148","462.445"
"delivery-core0","0","scan/k8","2","baseline","2","9","13.904","13.457","19.213"
"delivery-core0","0","insert/k32","2","baseline","2","9","356.915","327.643","377.893"
"delivery-core0","0","read_hit/k32","2","baseline","2","9","211.952","203.002","224.106"
"delivery-core0","0","read_miss/k32","2","baseline","2","9","232.207","216.126","235.871"
"delivery-core0","0","update_grow/k32","2","baseline","2","9","491.141","451.131","674.347"
"delivery-core0","0","scan/k32","2","baseline","2","9","17.723","15.736","26.476"
"delivery-core0","0","insert/k128","2","baseline","2","9","478.876","443.036","649.695"
"delivery-core0","0","read_hit/k128","2","baseline","2","9","295.633","286.057","326.799"
"delivery-core0","0","read_miss/k128","2","baseline","2","9","298.200","292.851","319.706"
"delivery-core0","0","update_grow/k128","2","baseline","2","9","539.067","527.150","585.773"
"delivery-core0","0","scan/k128","2","baseline","2","9","33.026","31.912","38.736"
"delivery-core0","0","insert/k8","3","baseline","1","9","304.388","279.736","392.767"
"delivery-core0","0","read_hit/k8","3","baseline","1","9","206.845","177.162","277.251"
"delivery-core0","0","read_miss/k8","3","baseline","1","9","199.193","192.290","231.893"
"delivery-core0","0","update_grow/k8","3","baseline","1","9","447.107","424.823","520.322"
"delivery-core0","0","scan/k8","3","baseline","1","9","14.479","13.370","16.072"
"delivery-core0","0","insert/k32","3","baseline","1","9","344.299","326.630","432.458"
"delivery-core0","0","read_hit/k32","3","baseline","1","9","216.366","202.195","230.863"
"delivery-core0","0","read_miss/k32","3","baseline","1","9","218.384","211.118","270.004"
"delivery-core0","0","update_grow/k32","3","baseline","1","9","463.423","434.286","562.132"
"delivery-core0","0","scan/k32","3","baseline","1","9","16.115","15.381","26.297"
"delivery-core0","0","insert/k128","3","baseline","1","9","488.995","463.239","536.743"
"delivery-core0","0","read_hit/k128","3","baseline","1","9","287.500","280.441","327.673"
"delivery-core0","0","read_miss/k128","3","baseline","1","9","314.734","282.970","355.738"
"delivery-core0","0","update_grow/k128","3","baseline","1","9","561.000","518.832","642.760"
"delivery-core0","0","scan/k128","3","baseline","1","9","33.136","31.732","45.013"
"delivery-core0","0","insert/k8","3","candidate","2","9","293.610","275.293","457.672"
"delivery-core0","0","read_hit/k8","3","candidate","2","9","210.532","180.280","249.563"
"delivery-core0","0","read_miss/k8","3","candidate","2","9","193.361","187.487","223.619"
"delivery-core0","0","update_grow/k8","3","candidate","2","9","442.206","415.202","629.889"
"delivery-core0","0","scan/k8","3","candidate","2","9","12.255","12.098","14.364"
"delivery-core0","0","insert/k32","3","candidate","2","9","349.866","323.865","1243.506"
"delivery-core0","0","read_hit/k32","3","candidate","2","9","220.506","203.330","238.322"
"delivery-core0","0","read_miss/k32","3","candidate","2","9","224.264","208.493","265.507"
"delivery-core0","0","update_grow/k32","3","candidate","2","9","451.367","437.587","513.133"
"delivery-core0","0","scan/k32","3","candidate","2","9","15.386","14.676","18.787"
"delivery-core0","0","insert/k128","3","candidate","2","9","484.741","461.499","581.946"
"delivery-core0","0","read_hit/k128","3","candidate","2","9","299.224","285.290","335.913"
"delivery-core0","0","read_miss/k128","3","candidate","2","9","313.438","296.344","330.689"
"delivery-core0","0","update_grow/k128","3","candidate","2","9","595.827","530.185","626.593"
"delivery-core0","0","scan/k128","3","candidate","2","9","29.843","28.676","31.889"
"delivery-core0","0","insert/k8","4","candidate","1","9","301.770","275.311","411.938"
"delivery-core0","0","read_hit/k8","4","candidate","1","9","189.017","178.756","217.922"
"delivery-core0","0","read_miss/k8","4","candidate","1","9","189.922","184.072","223.529"
"delivery-core0","0","update_grow/k8","4","candidate","1","9","431.148","402.130","473.320"
"delivery-core0","0","scan/k8","4","candidate","1","9","13.087","12.181","22.410"
"delivery-core0","0","insert/k32","4","candidate","1","9","340.747","317.493","459.564"
"delivery-core0","0","read_hit/k32","4","candidate","1","9","210.238","206.705","234.112"
"delivery-core0","0","read_miss/k32","4","candidate","1","9","217.144","210.954","235.950"
"delivery-core0","0","update_grow/k32","4","candidate","1","9","443.768","433.382","482.048"
"delivery-core0","0","scan/k32","4","candidate","1","9","15.088","14.620","20.306"
"delivery-core0","0","insert/k128","4","candidate","1","9","479.883","449.207","636.420"
"delivery-core0","0","read_hit/k128","4","candidate","1","9","285.865","277.932","323.726"
"delivery-core0","0","read_miss/k128","4","candidate","1","9","298.905","293.815","323.806"
"delivery-core0","0","update_grow/k128","4","candidate","1","9","485.658","472.493","543.332"
"delivery-core0","0","scan/k128","4","candidate","1","9","28.629","27.600","29.153"
"delivery-core0","0","insert/k8","4","baseline","2","9","284.485","275.159","293.420"
"delivery-core0","0","read_hit/k8","4","baseline","2","9","174.964","173.137","210.429"
"delivery-core0","0","read_miss/k8","4","baseline","2","9","185.746","181.823","202.344"
"delivery-core0","0","update_grow/k8","4","baseline","2","9","402.675","390.117","479.640"
"delivery-core0","0","scan/k8","4","baseline","2","9","14.441","13.267","19.226"
"delivery-core0","0","insert/k32","4","baseline","2","9","346.735","325.726","812.091"
"delivery-core0","0","read_hit/k32","4","baseline","2","9","199.869","197.679","201.188"
"delivery-core0","0","read_miss/k32","4","baseline","2","9","206.417","203.191","227.872"
"delivery-core0","0","update_grow/k32","4","baseline","2","9","429.654","405.901","476.361"
"delivery-core0","0","scan/k32","4","baseline","2","9","15.850","15.192","16.335"
"delivery-core0","0","insert/k128","4","baseline","2","9","433.612","416.199","551.038"
"delivery-core0","0","read_hit/k128","4","baseline","2","9","265.376","261.054","361.818"
"delivery-core0","0","read_miss/k128","4","baseline","2","9","275.221","265.717","290.114"
"delivery-core0","0","update_grow/k128","4","baseline","2","9","488.820","476.279","519.131"
"delivery-core0","0","scan/k128","4","baseline","2","9","30.834","29.592","32.408"
"delivery-core0","0","insert/k8","5","baseline","1","9","290.948","273.572","320.593"
"delivery-core0","0","read_hit/k8","5","baseline","1","9","178.231","174.452","240.920"
"delivery-core0","0","read_miss/k8","5","baseline","1","9","188.702","184.085","195.145"
"delivery-core0","0","update_grow/k8","5","baseline","1","9","400.899","397.504","427.193"
"delivery-core0","0","scan/k8","5","baseline","1","9","13.530","12.871","14.645"
"delivery-core0","0","insert/k32","5","baseline","1","9","333.972","302.948","352.917"
"delivery-core0","0","read_hit/k32","5","baseline","1","9","197.847","196.733","208.208"
"delivery-core0","0","read_miss/k32","5","baseline","1","9","207.758","203.426","230.664"
"delivery-core0","0","update_grow/k32","5","baseline","1","9","417.592","408.884","434.752"
"delivery-core0","0","scan/k32","5","baseline","1","9","15.801","15.410","16.620"
"delivery-core0","0","insert/k128","5","baseline","1","9","436.249","413.733","468.286"
"delivery-core0","0","read_hit/k128","5","baseline","1","9","266.534","260.746","335.105"
"delivery-core0","0","read_miss/k128","5","baseline","1","9","274.850","270.412","300.509"
"delivery-core0","0","update_grow/k128","5","baseline","1","9","494.405","486.023","507.555"
"delivery-core0","0","scan/k128","5","baseline","1","9","31.004","30.078","31.437"
"delivery-core0","0","insert/k8","5","candidate","2","9","279.559","272.522","287.018"
"delivery-core0","0","read_hit/k8","5","candidate","2","9","170.199","168.570","189.434"
"delivery-core0","0","read_miss/k8","5","candidate","2","9","180.032","178.271","184.481"
"delivery-core0","0","update_grow/k8","5","candidate","2","9","400.514","389.000","479.509"
"delivery-core0","0","scan/k8","5","candidate","2","9","12.269","11.903","13.791"
"delivery-core0","0","insert/k32","5","candidate","2","9","310.858","300.775","337.714"
"delivery-core0","0","read_hit/k32","5","candidate","2","9","196.723","194.552","198.340"
"delivery-core0","0","read_miss/k32","5","candidate","2","9","203.718","199.978","225.692"
"delivery-core0","0","update_grow/k32","5","candidate","2","9","413.538","408.218","485.295"
"delivery-core0","0","scan/k32","5","candidate","2","9","15.386","15.029","16.553"
"delivery-core0","0","insert/k128","5","candidate","2","9","442.584","434.058","504.047"
"delivery-core0","0","read_hit/k128","5","candidate","2","9","278.368","271.498","296.872"
"delivery-core0","0","read_miss/k128","5","candidate","2","9","278.593","271.670","295.928"
"delivery-core0","0","update_grow/k128","5","candidate","2","9","488.628","473.169","504.276"
"delivery-core0","0","scan/k128","5","candidate","2","9","28.542","27.282","29.998"
"delivery-core0","0","insert/k8","6","candidate","1","9","273.810","263.879","288.824"
"delivery-core0","0","read_hit/k8","6","candidate","1","9","173.891","170.579","239.306"
"delivery-core0","0","read_miss/k8","6","candidate","1","9","176.894","175.826","178.283"
"delivery-core0","0","update_grow/k8","6","candidate","1","9","389.868","385.115","484.003"
"delivery-core0","0","scan/k8","6","candidate","1","9","12.211","11.958","12.531"
"delivery-core0","0","insert/k32","6","candidate","1","9","322.290","303.717","430.725"
"delivery-core0","0","read_hit/k32","6","candidate","1","9","195.327","193.521","201.373"
"delivery-core0","0","read_miss/k32","6","candidate","1","9","213.826","203.697","332.462"
"delivery-core0","0","update_grow/k32","6","candidate","1","9","414.621","407.228","441.241"
"delivery-core0","0","scan/k32","6","candidate","1","9","14.694","14.319","15.884"
"delivery-core0","0","insert/k128","6","candidate","1","9","420.782","408.612","448.755"
"delivery-core0","0","read_hit/k128","6","candidate","1","9","271.455","260.431","292.305"
"delivery-core0","0","read_miss/k128","6","candidate","1","9","272.979","266.658","290.936"
"delivery-core0","0","update_grow/k128","6","candidate","1","9","486.703","476.846","507.124"
"delivery-core0","0","scan/k128","6","candidate","1","9","28.503","27.631","31.243"
"delivery-core0","0","insert/k8","6","baseline","2","9","280.414","275.562","319.189"
"delivery-core0","0","read_hit/k8","6","baseline","2","9","176.716","174.402","403.889"
"delivery-core0","0","read_miss/k8","6","baseline","2","9","182.766","181.944","185.611"
"delivery-core0","0","update_grow/k8","6","baseline","2","9","399.953","396.260","414.336"
"delivery-core0","0","scan/k8","6","baseline","2","9","13.646","13.211","14.518"
"delivery-core0","0","insert/k32","6","baseline","2","9","320.441","312.250","330.640"
"delivery-core0","0","read_hit/k32","6","baseline","2","9","198.799","195.870","204.614"
"delivery-core0","0","read_miss/k32","6","baseline","2","9","205.058","203.648","227.556"
"delivery-core0","0","update_grow/k32","6","baseline","2","9","412.263","403.206","427.107"
"delivery-core0","0","scan/k32","6","baseline","2","9","15.874","15.318","16.727"
"delivery-core0","0","insert/k128","6","baseline","2","9","422.668","412.061","450.562"
"delivery-core0","0","read_hit/k128","6","baseline","2","9","265.894","261.521","292.548"
"delivery-core0","0","read_miss/k128","6","baseline","2","9","270.499","267.454","296.708"
"delivery-core0","0","update_grow/k128","6","baseline","2","9","483.174","475.923","497.539"
"delivery-core0","0","scan/k128","6","baseline","2","9","30.772","29.875","33.821"
"delivery-core0","0","insert/k8","7","baseline","1","9","280.499","277.307","334.735"
"delivery-core0","0","read_hit/k8","7","baseline","1","9","181.462","177.519","252.567"
"delivery-core0","0","read_miss/k8","7","baseline","1","9","186.480","183.057","193.403"
"delivery-core0","0","update_grow/k8","7","baseline","1","9","403.659","393.690","618.001"
"delivery-core0","0","scan/k8","7","baseline","1","9","13.206","12.873","13.630"
"delivery-core0","0","insert/k32","7","baseline","1","9","313.660","306.500","330.975"
"delivery-core0","0","read_hit/k32","7","baseline","1","9","200.424","196.653","206.059"
"delivery-core0","0","read_miss/k32","7","baseline","1","9","214.952","205.897","237.500"
"delivery-core0","0","update_grow/k32","7","baseline","1","9","429.102","417.609","481.931"
"delivery-core0","0","scan/k32","7","baseline","1","9","15.992","15.469","16.956"
"delivery-core0","0","insert/k128","7","baseline","1","9","429.749","422.137","442.700"
"delivery-core0","0","read_hit/k128","7","baseline","1","9","267.736","262.200","279.251"
"delivery-core0","0","read_miss/k128","7","baseline","1","9","279.520","276.991","305.022"
"delivery-core0","0","update_grow/k128","7","baseline","1","9","482.082","477.943","534.804"
"delivery-core0","0","scan/k128","7","baseline","1","9","31.968","31.240","34.251"
"delivery-core0","0","insert/k8","7","candidate","2","9","275.635","265.552","586.969"
"delivery-core0","0","read_hit/k8","7","candidate","2","9","173.210","169.950","181.143"
"delivery-core0","0","read_miss/k8","7","candidate","2","9","176.936","175.144","183.483"
"delivery-core0","0","update_grow/k8","7","candidate","2","9","395.255","387.901","497.472"
"delivery-core0","0","scan/k8","7","candidate","2","9","12.081","11.891","12.976"
"delivery-core0","0","insert/k32","7","candidate","2","9","314.612","305.170","328.168"
"delivery-core0","0","read_hit/k32","7","candidate","2","9","195.346","194.229","213.666"
"delivery-core0","0","read_miss/k32","7","candidate","2","9","204.673","202.396","223.833"
"delivery-core0","0","update_grow/k32","7","candidate","2","9","408.865","406.146","454.608"
"delivery-core0","0","scan/k32","7","candidate","2","9","15.058","14.332","15.518"
"delivery-core0","0","insert/k128","7","candidate","2","9","429.980","411.786","510.730"
"delivery-core0","0","read_hit/k128","7","candidate","2","9","269.372","262.215","277.278"
"delivery-core0","0","read_miss/k128","7","candidate","2","9","274.654","272.056","301.876"
"delivery-core0","0","update_grow/k128","7","candidate","2","9","496.480","475.688","510.060"
"delivery-core0","0","scan/k128","7","candidate","2","9","28.265","27.679","32.479"
"delivery-core0","0","insert/k8","8","candidate","1","9","283.575","269.641","291.638"
"delivery-core0","0","read_hit/k8","8","candidate","1","9","173.362","171.239","184.542"
"delivery-core0","0","read_miss/k8","8","candidate","1","9","182.452","174.397","195.791"
"delivery-core0","0","update_grow/k8","8","candidate","1","9","396.820","390.004","503.423"
"delivery-core0","0","scan/k8","8","candidate","1","9","12.295","11.973","12.677"
"delivery-core0","0","insert/k32","8","candidate","1","9","311.078","307.703","388.287"
"delivery-core0","0","read_hit/k32","8","candidate","1","9","198.133","195.826","202.200"
"delivery-core0","0","read_miss/k32","8","candidate","1","9","208.168","205.339","260.209"
"delivery-core0","0","update_grow/k32","8","candidate","1","9","426.781","422.444","437.625"
"delivery-core0","0","scan/k32","8","candidate","1","9","14.842","14.263","15.582"
"delivery-core0","0","insert/k128","8","candidate","1","9","442.212","429.004","467.578"
"delivery-core0","0","read_hit/k128","8","candidate","1","9","265.578","260.083","338.375"
"delivery-core0","0","read_miss/k128","8","candidate","1","9","272.063","269.869","293.782"
"delivery-core0","0","update_grow/k128","8","candidate","1","9","501.672","481.758","551.607"
"delivery-core0","0","scan/k128","8","candidate","1","9","27.938","27.600","28.761"
"delivery-core0","0","insert/k8","8","baseline","2","9","281.976","272.266","595.374"
"delivery-core0","0","read_hit/k8","8","baseline","2","9","173.053","172.242","181.085"
"delivery-core0","0","read_miss/k8","8","baseline","2","9","184.768","181.816","205.424"
"delivery-core0","0","update_grow/k8","8","baseline","2","9","396.790","390.634","411.723"
"delivery-core0","0","scan/k8","8","baseline","2","9","13.371","13.093","14.425"
"delivery-core0","0","insert/k32","8","baseline","2","9","318.018","307.617","362.524"
"delivery-core0","0","read_hit/k32","8","baseline","2","9","196.408","195.131","198.205"
"delivery-core0","0","read_miss/k32","8","baseline","2","9","207.441","205.546","215.842"
"delivery-core0","0","update_grow/k32","8","baseline","2","9","424.216","411.029","492.015"
"delivery-core0","0","scan/k32","8","baseline","2","9","16.035","15.868","16.417"
"delivery-core0","0","insert/k128","8","baseline","2","9","449.176","422.119","886.902"
"delivery-core0","0","read_hit/k128","8","baseline","2","9","269.684","260.558","284.029"
"delivery-core0","0","read_miss/k128","8","baseline","2","9","275.083","270.617","316.776"
"delivery-core0","0","update_grow/k128","8","baseline","2","9","480.264","471.785","492.331"
"delivery-core0","0","scan/k128","8","baseline","2","9","30.943","30.066","31.337"
"delivery-core4","4","insert/k8","1","baseline","1","9","274.615","271.722","286.163"
"delivery-core4","4","read_hit/k8","1","baseline","1","9","367.753","268.235","647.842"
"delivery-core4","4","read_miss/k8","1","baseline","1","9","187.577","182.928","206.881"
"delivery-core4","4","update_grow/k8","1","baseline","1","9","397.620","386.392","410.822"
"delivery-core4","4","scan/k8","1","baseline","1","9","13.618","13.230","14.348"
"delivery-core4","4","insert/k32","1","baseline","1","9","315.942","303.027","338.873"
"delivery-core4","4","read_hit/k32","1","baseline","1","9","198.198","195.718","222.314"
"delivery-core4","4","read_miss/k32","1","baseline","1","9","207.084","205.968","209.626"
"delivery-core4","4","update_grow/k32","1","baseline","1","9","410.072","405.104","497.281"
"delivery-core4","4","scan/k32","1","baseline","1","9","16.078","15.352","17.680"
"delivery-core4","4","insert/k128","1","baseline","1","9","421.021","408.911","439.636"
"delivery-core4","4","read_hit/k128","1","baseline","1","9","259.406","256.121","262.963"
"delivery-core4","4","read_miss/k128","1","baseline","1","9","267.329","264.430","288.652"
"delivery-core4","4","update_grow/k128","1","baseline","1","9","471.011","466.953","488.133"
"delivery-core4","4","scan/k128","1","baseline","1","9","30.328","29.872","31.790"
"delivery-core4","4","insert/k8","1","candidate","2","9","281.146","270.673","299.188"
"delivery-core4","4","read_hit/k8","1","candidate","2","9","171.511","170.889","183.126"
"delivery-core4","4","read_miss/k8","1","candidate","2","9","177.863","175.586","194.936"
"delivery-core4","4","update_grow/k8","1","candidate","2","9","391.100","382.452","402.702"
"delivery-core4","4","scan/k8","1","candidate","2","9","12.336","11.975","16.073"
"delivery-core4","4","insert/k32","1","candidate","2","9","317.352","311.029","339.777"
"delivery-core4","4","read_hit/k32","1","candidate","2","9","203.300","200.819","223.801"
"delivery-core4","4","read_miss/k32","1","candidate","2","9","212.522","207.000","213.850"
"delivery-core4","4","update_grow/k32","1","candidate","2","9","416.231","412.216","421.992"
"delivery-core4","4","scan/k32","1","candidate","2","9","15.520","14.477","34.254"
"delivery-core4","4","insert/k128","1","candidate","2","9","424.176","412.524","439.783"
"delivery-core4","4","read_hit/k128","1","candidate","2","9","263.258","261.634","267.292"
"delivery-core4","4","read_miss/k128","1","candidate","2","9","273.941","269.439","299.891"
"delivery-core4","4","update_grow/k128","1","candidate","2","9","489.828","475.395","663.528"
"delivery-core4","4","scan/k128","1","candidate","2","9","27.835","27.063","48.222"
"delivery-core4","4","insert/k8","2","candidate","1","9","271.417","265.826","283.246"
"delivery-core4","4","read_hit/k8","2","candidate","1","9","171.963","167.756","198.538"
"delivery-core4","4","read_miss/k8","2","candidate","1","9","186.837","181.406","208.778"
"delivery-core4","4","update_grow/k8","2","candidate","1","9","400.558","392.641","419.078"
"delivery-core4","4","scan/k8","2","candidate","1","9","13.039","11.940","13.299"
"delivery-core4","4","insert/k32","2","candidate","1","9","323.016","305.768","379.681"
"delivery-core4","4","read_hit/k32","2","candidate","1","9","202.716","196.560","268.128"
"delivery-core4","4","read_miss/k32","2","candidate","1","9","205.784","201.301","212.622"
"delivery-core4","4","update_grow/k32","2","candidate","1","9","410.316","406.252","425.739"
"delivery-core4","4","scan/k32","2","candidate","1","9","14.941","14.598","34.032"
"delivery-core4","4","insert/k128","2","candidate","1","9","422.717","399.524","429.102"
"delivery-core4","4","read_hit/k128","2","candidate","1","9","261.898","259.232","311.007"
"delivery-core4","4","read_miss/k128","2","candidate","1","9","276.112","269.383","293.734"
"delivery-core4","4","update_grow/k128","2","candidate","1","9","485.779","473.071","501.653"
"delivery-core4","4","scan/k128","2","candidate","1","9","28.777","27.258","47.195"
"delivery-core4","4","insert/k8","2","baseline","2","9","289.618","279.053","331.543"
"delivery-core4","4","read_hit/k8","2","baseline","2","9","174.980","173.386","183.668"
"delivery-core4","4","read_miss/k8","2","baseline","2","9","185.799","182.422","204.903"
"delivery-core4","4","update_grow/k8","2","baseline","2","9","402.722","397.089","624.899"
"delivery-core4","4","scan/k8","2","baseline","2","9","13.580","13.010","13.881"
"delivery-core4","4","insert/k32","2","baseline","2","9","323.364","311.926","398.425"
"delivery-core4","4","read_hit/k32","2","baseline","2","9","198.206","195.487","213.153"
"delivery-core4","4","read_miss/k32","2","baseline","2","9","210.410","203.363","218.685"
"delivery-core4","4","update_grow/k32","2","baseline","2","9","418.965","414.552","444.963"
"delivery-core4","4","scan/k32","2","baseline","2","9","15.956","15.071","16.473"
"delivery-core4","4","insert/k128","2","baseline","2","9","429.584","401.501","449.396"
"delivery-core4","4","read_hit/k128","2","baseline","2","9","262.070","258.592","339.637"
"delivery-core4","4","read_miss/k128","2","baseline","2","9","268.922","264.468","348.061"
"delivery-core4","4","update_grow/k128","2","baseline","2","9","501.364","461.406","560.738"
"delivery-core4","4","scan/k128","2","baseline","2","9","29.793","29.540","30.161"
"delivery-core4","4","insert/k8","3","baseline","1","9","288.873","273.480","306.177"
"delivery-core4","4","read_hit/k8","3","baseline","1","9","177.075","173.141","181.487"
"delivery-core4","4","read_miss/k8","3","baseline","1","9","188.596","183.670","206.684"
"delivery-core4","4","update_grow/k8","3","baseline","1","9","388.422","382.619","406.473"
"delivery-core4","4","scan/k8","3","baseline","1","9","13.135","13.052","13.625"
"delivery-core4","4","insert/k32","3","baseline","1","9","312.952","307.275","349.915"
"delivery-core4","4","read_hit/k32","3","baseline","1","9","195.257","191.180","218.800"
"delivery-core4","4","read_miss/k32","3","baseline","1","9","209.010","198.984","236.079"
"delivery-core4","4","update_grow/k32","3","baseline","1","9","502.937","404.826","689.977"
"delivery-core4","4","scan/k32","3","baseline","1","9","16.223","15.734","20.239"
"delivery-core4","4","insert/k128","3","baseline","1","9","498.376","435.217","865.814"
"delivery-core4","4","read_hit/k128","3","baseline","1","9","269.920","253.613","302.073"
"delivery-core4","4","read_miss/k128","3","baseline","1","9","263.758","259.440","333.722"
"delivery-core4","4","update_grow/k128","3","baseline","1","9","475.754","457.787","517.145"
"delivery-core4","4","scan/k128","3","baseline","1","9","29.992","29.659","30.847"
"delivery-core4","4","insert/k8","3","candidate","2","9","275.879","264.429","299.713"
"delivery-core4","4","read_hit/k8","3","candidate","2","9","168.493","165.729","185.096"
"delivery-core4","4","read_miss/k8","3","candidate","2","9","178.631","172.209","191.730"
"delivery-core4","4","update_grow/k8","3","candidate","2","9","394.832","379.889","409.383"
"delivery-core4","4","scan/k8","3","candidate","2","9","11.963","11.794","13.417"
"delivery-core4","4","insert/k32","3","candidate","2","9","311.389","300.403","325.745"
"delivery-core4","4","read_hit/k32","3","candidate","2","9","194.032","189.927","211.108"
"delivery-core4","4","read_miss/k32","3","candidate","2","9","204.488","195.790","224.490"
"delivery-core4","4","update_grow/k32","3","candidate","2","9","419.096","401.129","484.045"
"delivery-core4","4","scan/k32","3","candidate","2","9","14.729","14.289","15.430"
"delivery-core4","4","insert/k128","3","candidate","2","9","426.501","410.907","452.563"
"delivery-core4","4","read_hit/k128","3","candidate","2","9","261.390","256.946","271.172"
"delivery-core4","4","read_miss/k128","3","candidate","2","9","274.318","263.206","305.523"
"delivery-core4","4","update_grow/k128","3","candidate","2","9","481.960","463.057","552.519"
"delivery-core4","4","scan/k128","3","candidate","2","9","27.673","26.944","28.271"
"delivery-core4","4","insert/k8","4","candidate","1","9","279.279","267.920","306.989"
"delivery-core4","4","read_hit/k8","4","candidate","1","9","175.773","167.735","201.676"
"delivery-core4","4","read_miss/k8","4","candidate","1","9","174.847","171.915","192.903"
"delivery-core4","4","update_grow/k8","4","candidate","1","9","390.329","376.379","440.637"
"delivery-core4","4","scan/k8","4","candidate","1","9","12.090","11.906","12.255"
"delivery-core4","4","insert/k32","4","candidate","1","9","312.439","298.138","352.704"
"delivery-core4","4","read_hit/k32","4","candidate","1","9","192.596","189.766","208.572"
"delivery-core4","4","read_miss/k32","4","candidate","1","9","201.560","199.509","213.067"
"delivery-core4","4","update_grow/k32","4","candidate","1","9","400.323","398.656","475.636"
"delivery-core4","4","scan/k32","4","candidate","1","9","14.916","14.295","16.802"
"delivery-core4","4","insert/k128","4","candidate","1","9","415.570","403.595","459.186"
"delivery-core4","4","read_hit/k128","4","candidate","1","9","259.116","255.944","263.338"
"delivery-core4","4","read_miss/k128","4","candidate","1","9","270.581","266.196","283.538"
"delivery-core4","4","update_grow/k128","4","candidate","1","9","472.191","464.374","487.122"
"delivery-core4","4","scan/k128","4","candidate","1","9","27.341","27.197","27.667"
"delivery-core4","4","insert/k8","4","baseline","2","9","279.297","269.147","306.921"
"delivery-core4","4","read_hit/k8","4","baseline","2","9","172.420","171.347","174.060"
"delivery-core4","4","read_miss/k8","4","baseline","2","9","181.518","178.343","201.338"
"delivery-core4","4","update_grow/k8","4","baseline","2","9","390.431","385.841","418.118"
"delivery-core4","4","scan/k8","4","baseline","2","9","13.488","13.219","13.836"
"delivery-core4","4","insert/k32","4","baseline","2","9","310.400","305.377","335.144"
"delivery-core4","4","read_hit/k32","4","baseline","2","9","194.703","193.312","210.384"
"delivery-core4","4","read_miss/k32","4","baseline","2","9","203.680","202.565","205.976"
"delivery-core4","4","update_grow/k32","4","baseline","2","9","406.799","402.057","445.415"
"delivery-core4","4","scan/k32","4","baseline","2","9","15.624","15.307","35.236"
"delivery-core4","4","insert/k128","4","baseline","2","9","414.594","404.553","424.847"
"delivery-core4","4","read_hit/k128","4","baseline","2","9","256.498","251.598","263.363"
"delivery-core4","4","read_miss/k128","4","baseline","2","9","264.280","260.753","285.905"
"delivery-core4","4","update_grow/k128","4","baseline","2","9","473.212","461.133","507.826"
"delivery-core4","4","scan/k128","4","baseline","2","9","30.493","29.958","37.053"
"delivery-core4","4","insert/k8","5","baseline","1","9","277.460","270.294","293.085"
"delivery-core4","4","read_hit/k8","5","baseline","1","9","172.729","170.662","176.288"
"delivery-core4","4","read_miss/k8","5","baseline","1","9","184.528","181.753","203.657"
"delivery-core4","4","update_grow/k8","5","baseline","1","9","393.382","388.939","405.803"
"delivery-core4","4","scan/k8","5","baseline","1","9","13.071","12.935","13.536"
"delivery-core4","4","insert/k32","5","baseline","1","9","312.891","303.278","320.508"
"delivery-core4","4","read_hit/k32","5","baseline","1","9","197.340","194.214","217.230"
"delivery-core4","4","read_miss/k32","5","baseline","1","9","203.819","200.624","208.160"
"delivery-core4","4","update_grow/k32","5","baseline","1","9","403.508","396.274","412.413"
"delivery-core4","4","scan/k32","5","baseline","1","9","15.451","15.160","16.021"
"delivery-core4","4","insert/k128","5","baseline","1","9","413.141","400.562","714.978"
"delivery-core4","4","read_hit/k128","5","baseline","1","9","256.040","253.611","266.415"
"delivery-core4","4","read_miss/k128","5","baseline","1","9","266.193","263.326","286.285"
"delivery-core4","4","update_grow/k128","5","baseline","1","9","477.449","467.139","482.811"
"delivery-core4","4","scan/k128","5","baseline","1","9","29.786","28.775","31.715"
"delivery-core4","4","insert/k8","5","candidate","2","9","272.638","267.511","369.592"
"delivery-core4","4","read_hit/k8","5","candidate","2","9","167.727","166.072","169.030"
"delivery-core4","4","read_miss/k8","5","candidate","2","9","175.121","174.354","176.557"
"delivery-core4","4","update_grow/k8","5","candidate","2","9","386.137","380.811","459.955"
"delivery-core4","4","scan/k8","5","candidate","2","9","11.902","11.819","13.250"
"delivery-core4","4","insert/k32","5","candidate","2","9","307.648","300.531","331.830"
"delivery-core4","4","read_hit/k32","5","candidate","2","9","193.599","191.588","196.923"
"delivery-core4","4","read_miss/k32","5","candidate","2","9","202.737","199.956","220.835"
"delivery-core4","4","update_grow/k32","5","candidate","2","9","400.502","396.030","414.697"
"delivery-core4","4","scan/k32","5","candidate","2","9","14.693","14.350","15.176"
"delivery-core4","4","insert/k128","5","candidate","2","9","405.109","396.552","415.479"
"delivery-core4","4","read_hit/k128","5","candidate","2","9","259.564","256.082","281.079"
"delivery-core4","4","read_miss/k128","5","candidate","2","9","267.537","262.341","286.432"
"delivery-core4","4","update_grow/k128","5","candidate","2","9","468.390","462.367","485.440"
"delivery-core4","4","scan/k128","5","candidate","2","9","27.012","26.861","27.732"
"delivery-core4","4","insert/k8","6","candidate","1","9","269.470","265.033","275.610"
"delivery-core4","4","read_hit/k8","6","candidate","1","9","165.511","165.385","185.106"
"delivery-core4","4","read_miss/k8","6","candidate","1","9","173.306","171.951","174.033"
"delivery-core4","4","update_grow/k8","6","candidate","1","9","377.856","375.206","387.672"
"delivery-core4","4","scan/k8","6","candidate","1","9","11.911","11.854","12.048"
"delivery-core4","4","insert/k32","6","candidate","1","9","301.184","296.857","324.493"
"delivery-core4","4","read_hit/k32","6","candidate","1","9","190.184","188.519","191.865"
"delivery-core4","4","read_miss/k32","6","candidate","1","9","199.654","196.904","217.747"
"delivery-core4","4","update_grow/k32","6","candidate","1","9","394.696","391.086","455.197"
"delivery-core4","4","scan/k32","6","candidate","1","9","14.365","14.284","14.906"
"delivery-core4","4","insert/k128","6","candidate","1","9","407.422","401.593","426.355"
"delivery-core4","4","read_hit/k128","6","candidate","1","9","257.542","251.418","289.819"
"delivery-core4","4","read_miss/k128","6","candidate","1","9","261.509","258.537","281.983"
"delivery-core4","4","update_grow/k128","6","candidate","1","9","466.725","461.404","505.992"
"delivery-core4","4","scan/k128","6","candidate","1","9","27.249","26.867","30.465"
"delivery-core4","4","insert/k8","6","baseline","2","9","275.568","271.368","299.371"
"delivery-core4","4","read_hit/k8","6","baseline","2","9","172.038","169.964","188.931"
"delivery-core4","4","read_miss/k8","6","baseline","2","9","178.868","178.167","180.098"
"delivery-core4","4","update_grow/k8","6","baseline","2","9","383.557","380.974","389.626"
"delivery-core4","4","scan/k8","6","baseline","2","9","13.360","13.224","13.744"
"delivery-core4","4","insert/k32","6","baseline","2","9","308.997","303.522","370.093"
"delivery-core4","4","read_hit/k32","6","baseline","2","9","192.743","191.367","196.069"
"delivery-core4","4","read_miss/k32","6","baseline","2","9","202.285","200.004","222.591"
"delivery-core4","4","update_grow/k32","6","baseline","2","9","398.361","396.001","402.411"
"delivery-core4","4","scan/k32","6","baseline","2","9","15.227","15.191","15.580"
"delivery-core4","4","insert/k128","6","baseline","2","9","404.993","399.780","426.416"
"delivery-core4","4","read_hit/k128","6","baseline","2","9","253.219","249.920","272.476"
"delivery-core4","4","read_miss/k128","6","baseline","2","9","263.444","259.490","266.727"
"delivery-core4","4","update_grow/k128","6","baseline","2","9","463.916","452.672","538.618"
"delivery-core4","4","scan/k128","6","baseline","2","9","29.355","28.862","30.106"
"delivery-core4","4","insert/k8","7","baseline","1","9","274.762","271.167","288.336"
"delivery-core4","4","read_hit/k8","7","baseline","1","9","169.403","168.715","173.375"
"delivery-core4","4","read_miss/k8","7","baseline","1","9","179.407","177.535","201.902"
"delivery-core4","4","update_grow/k8","7","baseline","1","9","385.028","381.482","390.205"
"delivery-core4","4","scan/k8","7","baseline","1","9","13.030","12.999","13.666"
"delivery-core4","4","insert/k32","7","baseline","1","9","309.216","302.911","334.668"
"delivery-core4","4","read_hit/k32","7","baseline","1","9","195.227","191.334","211.948"
"delivery-core4","4","read_miss/k32","7","baseline","1","9","201.780","199.983","204.893"
"delivery-core4","4","update_grow/k32","7","baseline","1","9","399.121","391.884","485.556"
"delivery-core4","4","scan/k32","7","baseline","1","9","15.276","15.214","15.966"
"delivery-core4","4","insert/k128","7","baseline","1","9","405.426","398.969","419.464"
"delivery-core4","4","read_hit/k128","7","baseline","1","9","251.747","249.170","261.867"
"delivery-core4","4","read_miss/k128","7","baseline","1","9","258.554","257.755","264.849"
"delivery-core4","4","update_grow/k128","7","baseline","1","9","469.174","459.407","547.954"
"delivery-core4","4","scan/k128","7","baseline","1","9","29.576","29.419","30.018"
"delivery-core4","4","insert/k8","7","candidate","2","9","268.433","264.081","278.308"
"delivery-core4","4","read_hit/k8","7","candidate","2","9","168.111","165.989","177.680"
"delivery-core4","4","read_miss/k8","7","candidate","2","9","173.249","171.329","192.056"
"delivery-core4","4","update_grow/k8","7","candidate","2","9","377.812","375.256","382.120"
"delivery-core4","4","scan/k8","7","candidate","2","9","11.975","11.878","12.238"
"delivery-core4","4","insert/k32","7","candidate","2","9","302.289","299.231","323.627"
"delivery-core4","4","read_hit/k32","7","candidate","2","9","190.022","189.070","209.910"
"delivery-core4","4","read_miss/k32","7","candidate","2","9","197.525","196.297","199.823"
"delivery-core4","4","update_grow/k32","7","candidate","2","9","395.589","393.176","411.418"
"delivery-core4","4","scan/k32","7","candidate","2","9","15.473","14.410","30.882"
"delivery-core4","4","insert/k128","7","candidate","2","9","413.922","407.916","424.860"
"delivery-core4","4","read_hit/k128","7","candidate","2","9","255.012","251.704","276.157"
"delivery-core4","4","read_miss/k128","7","candidate","2","9","267.385","261.900","285.045"
"delivery-core4","4","update_grow/k128","7","candidate","2","9","472.040","462.306","485.835"
"delivery-core4","4","scan/k128","7","candidate","2","9","27.658","27.171","28.690"
"delivery-core4","4","insert/k8","8","candidate","1","9","268.634","263.623","273.560"
"delivery-core4","4","read_hit/k8","8","candidate","1","9","169.311","166.817","179.348"
"delivery-core4","4","read_miss/k8","8","candidate","1","9","181.411","177.089","204.436"
"delivery-core4","4","update_grow/k8","8","candidate","1","9","411.525","392.224","459.128"
"delivery-core4","4","scan/k8","8","candidate","1","9","11.896","11.834","19.362"
"delivery-core4","4","insert/k32","8","candidate","1","9","301.251","298.132","435.614"
"delivery-core4","4","read_hit/k32","8","candidate","1","9","204.889","198.412","232.716"
"delivery-core4","4","read_miss/k32","8","candidate","1","9","199.549","197.055","213.443"
"delivery-core4","4","update_grow/k32","8","candidate","1","9","396.201","393.622","404.030"
"delivery-core4","4","scan/k32","8","candidate","1","9","14.406","14.361","14.913"
"delivery-core4","4","insert/k128","8","candidate","1","9","425.134","404.022","749.799"
"delivery-core4","4","read_hit/k128","8","candidate","1","9","262.110","255.152","279.193"
"delivery-core4","4","read_miss/k128","8","candidate","1","9","264.183","260.905","283.857"
"delivery-core4","4","update_grow/k128","8","candidate","1","9","465.584","456.615","478.172"
"delivery-core4","4","scan/k128","8","candidate","1","9","27.470","27.149","27.788"
"delivery-core4","4","insert/k8","8","baseline","2","9","277.740","272.314","292.798"
"delivery-core4","4","read_hit/k8","8","baseline","2","9","172.474","169.975","183.829"
"delivery-core4","4","read_miss/k8","8","baseline","2","9","179.690","178.571","189.177"
"delivery-core4","4","update_grow/k8","8","baseline","2","9","384.486","379.718","390.997"
"delivery-core4","4","scan/k8","8","baseline","2","9","13.097","13.068","13.279"
"delivery-core4","4","insert/k32","8","baseline","2","9","307.318","302.179","314.948"
"delivery-core4","4","read_hit/k32","8","baseline","2","9","192.809","190.541","193.423"
"delivery-core4","4","read_miss/k32","8","baseline","2","9","201.679","200.151","220.023"
"delivery-core4","4","update_grow/k32","8","baseline","2","9","395.393","393.542","413.506"
"delivery-core4","4","scan/k32","8","baseline","2","9","15.412","15.144","15.662"
"delivery-core4","4","insert/k128","8","baseline","2","9","407.080","399.451","423.279"
"delivery-core4","4","read_hit/k128","8","baseline","2","9","253.994","249.226","276.731"
"delivery-core4","4","read_miss/k128","8","baseline","2","9","265.006","261.113","278.099"
"delivery-core4","4","update_grow/k128","8","baseline","2","9","504.309","456.853","549.358"
"delivery-core4","4","scan/k128","8","baseline","2","9","28.914","28.769","31.166"
"delivery-k8-core0","0","insert/k8","1","baseline","1","21","286.273","268.298","301.489"
"delivery-k8-core0","0","read_hit/k8","1","baseline","1","21","182.141","172.288","738.186"
"delivery-k8-core0","0","read_miss/k8","1","baseline","1","21","186.593","182.629","205.910"
"delivery-k8-core0","0","update_grow/k8","1","baseline","1","21","395.695","383.040","481.261"
"delivery-k8-core0","0","scan/k8","1","baseline","1","21","13.229","12.870","42.410"
"delivery-k8-core0","0","insert/k8","1","candidate","2","21","277.020","264.111","321.661"
"delivery-k8-core0","0","read_hit/k8","1","candidate","2","21","177.332","170.890","372.025"
"delivery-k8-core0","0","read_miss/k8","1","candidate","2","21","183.792","178.993","312.901"
"delivery-k8-core0","0","update_grow/k8","1","candidate","2","21","402.547","389.352","415.430"
"delivery-k8-core0","0","scan/k8","1","candidate","2","21","12.339","11.821","26.516"
"delivery-k8-core0","0","insert/k8","2","candidate","1","21","274.677","262.354","600.061"
"delivery-k8-core0","0","read_hit/k8","2","candidate","1","21","176.518","169.998","364.543"
"delivery-k8-core0","0","read_miss/k8","2","candidate","1","21","183.052","178.090","207.882"
"delivery-k8-core0","0","update_grow/k8","2","candidate","1","21","391.301","385.564","467.241"
"delivery-k8-core0","0","scan/k8","2","candidate","1","21","12.271","11.857","13.459"
"delivery-k8-core0","0","insert/k8","2","baseline","2","21","285.760","269.769","320.569"
"delivery-k8-core0","0","read_hit/k8","2","baseline","2","21","179.382","173.421","227.731"
"delivery-k8-core0","0","read_miss/k8","2","baseline","2","21","190.827","185.060","211.607"
"delivery-k8-core0","0","update_grow/k8","2","baseline","2","21","397.522","385.721","466.367"
"delivery-k8-core0","0","scan/k8","2","baseline","2","21","13.130","12.823","14.061"
"delivery-k8-core0","0","insert/k8","3","baseline","1","21","280.713","268.188","307.147"
"delivery-k8-core0","0","read_hit/k8","3","baseline","1","21","181.223","174.715","301.158"
"delivery-k8-core0","0","read_miss/k8","3","baseline","1","21","190.635","185.894","207.898"
"delivery-k8-core0","0","update_grow/k8","3","baseline","1","21","396.233","384.705","475.406"
"delivery-k8-core0","0","scan/k8","3","baseline","1","21","13.551","12.876","14.876"
"delivery-k8-core0","0","insert/k8","3","candidate","2","21","278.461","263.477","322.144"
"delivery-k8-core0","0","read_hit/k8","3","candidate","2","21","172.516","170.480","192.838"
"delivery-k8-core0","0","read_miss/k8","3","candidate","2","21","182.460","178.633","202.646"
"delivery-k8-core0","0","update_grow/k8","3","candidate","2","21","395.401","384.767","480.664"
"delivery-k8-core0","0","scan/k8","3","candidate","2","21","12.527","11.899","36.694"
"delivery-k8-core0","0","insert/k8","4","candidate","1","21","278.986","263.501","308.038"
"delivery-k8-core0","0","read_hit/k8","4","candidate","1","21","172.552","170.164","195.769"
"delivery-k8-core0","0","read_miss/k8","4","candidate","1","21","181.142","177.183","197.883"
"delivery-k8-core0","0","update_grow/k8","4","candidate","1","21","395.790","386.305","468.091"
"delivery-k8-core0","0","scan/k8","4","candidate","1","21","12.316","11.856","15.896"
"delivery-k8-core0","0","insert/k8","4","baseline","2","21","282.916","267.969","326.147"
"delivery-k8-core0","0","read_hit/k8","4","baseline","2","21","177.650","173.240","348.920"
"delivery-k8-core0","0","read_miss/k8","4","baseline","2","21","190.917","184.266","225.561"
"delivery-k8-core0","0","update_grow/k8","4","baseline","2","21","403.560","389.267","481.825"
"delivery-k8-core0","0","scan/k8","4","baseline","2","21","13.452","12.824","25.077"
"delivery-k8-core0","0","insert/k8","5","baseline","1","21","286.914","268.549","321.283"
"delivery-k8-core0","0","read_hit/k8","5","baseline","1","21","181.164","177.342","201.575"
"delivery-k8-core0","0","read_miss/k8","5","baseline","1","21","189.275","184.451","211.786"
"delivery-k8-core0","0","update_grow/k8","5","baseline","1","21","399.191","387.564","411.473"
"delivery-k8-core0","0","scan/k8","5","baseline","1","21","13.563","13.022","22.454"
"delivery-k8-core0","0","insert/k8","5","candidate","2","21","273.407","263.910","585.431"
"delivery-k8-core0","0","read_hit/k8","5","candidate","2","21","173.922","170.962","193.344"
"delivery-k8-core0","0","read_miss/k8","5","candidate","2","21","179.763","175.587","195.740"
"delivery-k8-core0","0","update_grow/k8","5","candidate","2","21","390.269","382.689","470.485"
"delivery-k8-core0","0","scan/k8","5","candidate","2","21","12.115","11.831","13.700"
"delivery-k8-core0","0","insert/k8","6","candidate","1","21","278.741","263.123","579.547"
"delivery-k8-core0","0","read_hit/k8","6","candidate","1","21","170.407","168.580","238.864"
"delivery-k8-core0","0","read_miss/k8","6","candidate","1","21","179.384","175.526","197.644"
"delivery-k8-core0","0","update_grow/k8","6","candidate","1","21","388.898","382.607","401.357"
"delivery-k8-core0","0","scan/k8","6","candidate","1","21","12.182","11.835","14.223"
"delivery-k8-core0","0","insert/k8","6","baseline","2","21","280.609","269.031","595.825"
"delivery-k8-core0","0","read_hit/k8","6","baseline","2","21","177.945","172.703","381.406"
"delivery-k8-core0","0","read_miss/k8","6","baseline","2","21","186.407","181.743","203.482"
"delivery-k8-core0","0","update_grow/k8","6","baseline","2","21","390.659","384.497","421.759"
"delivery-k8-core0","0","scan/k8","6","baseline","2","21","13.626","13.213","32.968"
"delivery-k8-core0","0","insert/k8","7","baseline","1","21","282.635","270.148","324.072"
"delivery-k8-core0","0","read_hit/k8","7","baseline","1","21","178.803","172.534","194.388"
"delivery-k8-core0","0","read_miss/k8","7","baseline","1","21","187.646","182.389","203.683"
"delivery-k8-core0","0","update_grow/k8","7","baseline","1","21","398.787","385.381","561.765"
"delivery-k8-core0","0","scan/k8","7","baseline","1","21","13.649","13.205","16.693"
"delivery-k8-core0","0","insert/k8","7","candidate","2","21","277.307","261.853","294.025"
"delivery-k8-core0","0","read_hit/k8","7","candidate","2","21","172.898","169.597","268.627"
"delivery-k8-core0","0","read_miss/k8","7","candidate","2","21","176.841","174.826","199.183"
"delivery-k8-core0","0","update_grow/k8","7","candidate","2","21","389.247","378.601","408.070"
"delivery-k8-core0","0","scan/k8","7","candidate","2","21","12.465","11.893","17.602"
"delivery-k8-core0","0","insert/k8","8","candidate","1","21","275.763","263.849","301.886"
"delivery-k8-core0","0","read_hit/k8","8","candidate","1","21","172.820","168.622","190.112"
"delivery-k8-core0","0","read_miss/k8","8","candidate","1","21","181.957","177.854","204.035"
"delivery-k8-core0","0","update_grow/k8","8","candidate","1","21","389.301","377.635","411.746"
"delivery-k8-core0","0","scan/k8","8","candidate","1","21","12.199","11.835","14.471"
"delivery-k8-core0","0","insert/k8","8","baseline","2","21","280.084","269.019","462.964"
"delivery-k8-core0","0","read_hit/k8","8","baseline","2","21","177.177","172.656","197.059"
"delivery-k8-core0","0","read_miss/k8","8","baseline","2","21","184.986","182.020","209.393"
"delivery-k8-core0","0","update_grow/k8","8","baseline","2","21","400.844","387.196","483.615"
"delivery-k8-core0","0","scan/k8","8","baseline","2","21","13.791","13.224","14.950"
"delivery-k8-core4","4","insert/k8","1","baseline","1","21","285.742","267.902","316.180"
"delivery-k8-core4","4","read_hit/k8","1","baseline","1","21","180.546","173.996","203.564"
"delivery-k8-core4","4","read_miss/k8","1","baseline","1","21","188.444","184.099","211.055"
"delivery-k8-core4","4","update_grow/k8","1","baseline","1","21","400.194","390.941","469.240"
"delivery-k8-core4","4","scan/k8","1","baseline","1","21","13.361","12.806","14.275"
"delivery-k8-core4","4","insert/k8","1","candidate","2","21","276.123","262.079","303.253"
"delivery-k8-core4","4","read_hit/k8","1","candidate","2","21","171.930","167.195","193.517"
"delivery-k8-core4","4","read_miss/k8","1","candidate","2","21","183.079","178.260","200.483"
"delivery-k8-core4","4","update_grow/k8","1","candidate","2","21","390.474","378.741","408.498"
"delivery-k8-core4","4","scan/k8","1","candidate","2","21","12.329","11.946","13.644"
"delivery-k8-core4","4","insert/k8","2","candidate","1","21","279.077","265.088","309.009"
"delivery-k8-core4","4","read_hit/k8","2","candidate","1","21","175.008","169.026","194.307"
"delivery-k8-core4","4","read_miss/k8","2","candidate","1","21","182.481","176.349","198.270"
"delivery-k8-core4","4","update_grow/k8","2","candidate","1","21","397.922","385.802","472.931"
"delivery-k8-core4","4","scan/k8","2","candidate","1","21","12.357","11.890","15.350"
"delivery-k8-core4","4","insert/k8","2","baseline","2","21","281.696","269.159","306.854"
"delivery-k8-core4","4","read_hit/k8","2","baseline","2","21","177.318","174.411","196.697"
"delivery-k8-core4","4","read_miss/k8","2","baseline","2","21","189.297","185.728","210.426"
"delivery-k8-core4","4","update_grow/k8","2","baseline","2","21","396.962","383.948","412.032"
"delivery-k8-core4","4","scan/k8","2","baseline","2","21","13.700","13.206","14.685"
"delivery-k8-core4","4","insert/k8","3","baseline","1","21","286.560","267.603","298.981"
"delivery-k8-core4","4","read_hit/k8","3","baseline","1","21","181.448","175.803","200.895"
"delivery-k8-core4","4","read_miss/k8","3","baseline","1","21","187.116","181.650","200.026"
"delivery-k8-core4","4","update_grow/k8","3","baseline","1","21","396.904","384.927","431.296"
"delivery-k8-core4","4","scan/k8","3","baseline","1","21","13.186","12.862","14.150"
"delivery-k8-core4","4","insert/k8","3","candidate","2","21","274.579","262.531","294.977"
"delivery-k8-core4","4","read_hit/k8","3","candidate","2","21","173.957","170.568","191.440"
"delivery-k8-core4","4","read_miss/k8","3","candidate","2","21","187.952","175.090","233.526"
"delivery-k8-core4","4","update_grow/k8","3","candidate","2","21","391.293","378.242","473.264"
"delivery-k8-core4","4","scan/k8","3","candidate","2","21","11.982","11.848","17.284"
"delivery-k8-core4","4","insert/k8","4","candidate","1","21","272.235","263.599","343.866"
"delivery-k8-core4","4","read_hit/k8","4","candidate","1","21","180.812","167.939","208.256"
"delivery-k8-core4","4","read_miss/k8","4","candidate","1","21","177.586","175.013","199.389"
"delivery-k8-core4","4","update_grow/k8","4","candidate","1","21","384.785","373.964","465.936"
"delivery-k8-core4","4","scan/k8","4","candidate","1","21","12.020","11.781","12.754"
"delivery-k8-core4","4","insert/k8","4","baseline","2","21","276.624","269.971","291.199"
"delivery-k8-core4","4","read_hit/k8","4","baseline","2","21","179.124","174.949","202.799"
"delivery-k8-core4","4","read_miss/k8","4","baseline","2","21","188.587","182.357","208.429"
"delivery-k8-core4","4","update_grow/k8","4","baseline","2","21","390.483","385.649","401.967"
"delivery-k8-core4","4","scan/k8","4","baseline","2","21","13.710","13.050","15.435"
"delivery-k8-core4","4","insert/k8","5","baseline","1","21","276.788","268.127","491.479"
"delivery-k8-core4","4","read_hit/k8","5","baseline","1","21","176.500","171.749","190.018"
"delivery-k8-core4","4","read_miss/k8","5","baseline","1","21","187.993","183.317","215.649"
"delivery-k8-core4","4","update_grow/k8","5","baseline","1","21","395.705","390.231","408.649"
"delivery-k8-core4","4","scan/k8","5","baseline","1","21","13.641","12.928","15.629"
"delivery-k8-core4","4","insert/k8","5","candidate","2","21","276.642","262.201","323.047"
"delivery-k8-core4","4","read_hit/k8","5","candidate","2","21","177.513","172.820","182.231"
"delivery-k8-core4","4","read_miss/k8","5","candidate","2","21","179.511","174.066","197.466"
"delivery-k8-core4","4","update_grow/k8","5","candidate","2","21","392.952","376.060","409.335"
"delivery-k8-core4","4","scan/k8","5","candidate","2","21","12.197","11.864","13.810"
"delivery-k8-core4","4","insert/k8","6","candidate","1","21","278.058","263.269","354.883"
"delivery-k8-core4","4","read_hit/k8","6","candidate","1","21","175.494","172.474","199.870"
"delivery-k8-core4","4","read_miss/k8","6","candidate","1","21","183.626","176.794","200.825"
"delivery-k8-core4","4","update_grow/k8","6","candidate","1","21","382.797","375.404","406.827"
"delivery-k8-core4","4","scan/k8","6","candidate","1","21","12.054","11.924","12.606"
"delivery-k8-core4","4","insert/k8","6","baseline","2","21","275.366","268.298","337.958"
"delivery-k8-core4","4","read_hit/k8","6","baseline","2","21","176.218","170.704","191.249"
"delivery-k8-core4","4","read_miss/k8","6","baseline","2","21","183.416","179.836","213.911"
"delivery-k8-core4","4","update_grow/k8","6","baseline","2","21","406.903","384.312","423.251"
"delivery-k8-core4","4","scan/k8","6","baseline","2","21","13.547","12.894","17.381"
"delivery-k8-core4","4","insert/k8","7","baseline","1","21","288.409","271.033","604.724"
"delivery-k8-core4","4","read_hit/k8","7","baseline","1","21","177.859","173.079","200.383"
"delivery-k8-core4","4","read_miss/k8","7","baseline","1","21","189.718","184.522","209.521"
"delivery-k8-core4","4","update_grow/k8","7","baseline","1","21","389.252","379.167","412.822"
"delivery-k8-core4","4","scan/k8","7","baseline","1","21","13.832","13.259","34.758"
"delivery-k8-core4","4","insert/k8","7","candidate","2","21","274.292","264.087","293.903"
"delivery-k8-core4","4","read_hit/k8","7","candidate","2","21","172.917","168.287","190.303"
"delivery-k8-core4","4","read_miss/k8","7","candidate","2","21","182.436","176.581","209.372"
"delivery-k8-core4","4","update_grow/k8","7","candidate","2","21","392.557","376.468","406.462"
"delivery-k8-core4","4","scan/k8","7","candidate","2","21","11.980","11.874","12.719"
"delivery-k8-core4","4","insert/k8","8","candidate","1","21","268.610","264.703","301.306"
"delivery-k8-core4","4","read_hit/k8","8","candidate","1","21","171.189","167.792","298.678"
"delivery-k8-core4","4","read_miss/k8","8","candidate","1","21","183.721","174.318","197.082"
"delivery-k8-core4","4","update_grow/k8","8","candidate","1","21","385.457","379.733","403.136"
"delivery-k8-core4","4","scan/k8","8","candidate","1","21","12.114","11.852","13.812"
"delivery-k8-core4","4","insert/k8","8","baseline","2","21","288.782","267.310","326.855"
"delivery-k8-core4","4","read_hit/k8","8","baseline","2","21","179.080","172.107","193.490"
"delivery-k8-core4","4","read_miss/k8","8","baseline","2","21","189.034","182.852","212.214"
"delivery-k8-core4","4","update_grow/k8","8","baseline","2","21","395.633","388.188","417.422"
"delivery-k8-core4","4","scan/k8","8","baseline","2","21","13.588","12.883","32.331"
