"revision","run","workload","unit","median_ns","min_ns","max_ns"
"baseline","1","insert/k8","ns/op","403.564","379.614","777.917"
"baseline","1","read_hit/k8","ns/op","198.494","189.563","390.582"
"baseline","1","read_miss/k8","ns/op","202.433","198.95","232.117"
"baseline","1","update_grow/k8","ns/op","592.628","561.8","677.251"
"baseline","1","scan/k8","ns/op","15.292","14.298","28.564"
"baseline","1","insert/k32","ns/op","453.552","419.214","631.354"
"baseline","1","read_hit/k32","ns/op","224.172","220.866","248.483"
"baseline","1","read_miss/k32","ns/op","238.055","225.652","253.886"
"baseline","1","update_grow/k32","ns/op","588.06","523.685","724.461"
"baseline","1","scan/k32","ns/op","18.201","16.328","33.704"
"baseline","1","insert/k128","ns/op","626.392","602.399","692.096"
"baseline","1","read_hit/k128","ns/op","318.622","299.358","347.842"
"baseline","1","read_miss/k128","ns/op","318.592","307.818","355.746"
"baseline","1","update_grow/k128","ns/op","700.42","657.256","894.667"
"baseline","1","scan/k128","ns/op","36.051","32.432","75.299"
"baseline","1","leaf_consolidate_k8","ns/page","4619.65","4468.4","5014.35"
"baseline","1","leaf_upgrade_k8","ns/page","6687.25","6367.7","9863.15"
"baseline","1","leaf_consolidate_k128","ns/page","882.05","837","1168.4"
"baseline","1","leaf_upgrade_k128","ns/page","1214.85","1124.95","1824.7"
"baseline","2","insert/k8","ns/op","412.897","393.127","1625.238"
"baseline","2","read_hit/k8","ns/op","194.09","190.474","200.864"
"baseline","2","read_miss/k8","ns/op","206.662","198.6","238.724"
"baseline","2","update_grow/k8","ns/op","614.328","594.852","862.386"
"baseline","2","scan/k8","ns/op","15.231","13.969","18.275"
"baseline","2","insert/k32","ns/op","446.008","427.936","593.066"
"baseline","2","read_hit/k32","ns/op","223.635","218.352","275.508"
"baseline","2","read_miss/k32","ns/op","237.128","225.445","260.739"
"baseline","2","update_grow/k32","ns/op","613.152","563.435","661.543"
"baseline","2","scan/k32","ns/op","18.167","17.165","20.926"
"baseline","2","insert/k128","ns/op","601.495","552.014","779.669"
"baseline","2","read_hit/k128","ns/op","309.478","292.162","366.357"
"baseline","2","read_miss/k128","ns/op","338.645","309.927","486.435"
"baseline","2","update_grow/k128","ns/op","715.526","655.417","920.638"
"baseline","2","scan/k128","ns/op","35.446","34.014","44.596"
"baseline","2","leaf_consolidate_k8","ns/page","4792.2","4440.8","17674.35"
"baseline","2","leaf_upgrade_k8","ns/page","6815.75","6438.25","8947.2"
"baseline","2","leaf_consolidate_k128","ns/page","907.3","836.2","1024.9"
"baseline","2","leaf_upgrade_k128","ns/page","1289.9","1146.3","2977.1"
"baseline","3","insert/k8","ns/op","421.069","381.555","480.383"
"baseline","3","read_hit/k8","ns/op","194.469","190.394","367.019"
"baseline","3","read_miss/k8","ns/op","201.513","199.534","228.652"
"baseline","3","update_grow/k8","ns/op","663.797","586.755","1109.915"
"baseline","3","scan/k8","ns/op","16.587","14.709","18.46"
"baseline","3","insert/k32","ns/op","449.011","427.661","463.721"
"baseline","3","read_hit/k32","ns/op","225.297","220.538","244.995"
"baseline","3","read_miss/k32","ns/op","236.26","231.067","246.903"
"baseline","3","update_grow/k32","ns/op","609.976","564.243","770.667"
"baseline","3","scan/k32","ns/op","17.607","16.596","23.712"
"baseline","3","insert/k128","ns/op","641.748","579.822","756.689"
"baseline","3","read_hit/k128","ns/op","309.174","299.682","368.763"
"baseline","3","read_miss/k128","ns/op","325.119","306.602","352.95"
"baseline","3","update_grow/k128","ns/op","749.323","698.141","803.903"
"baseline","3","scan/k128","ns/op","38.058","33.323","41.912"
"baseline","3","leaf_consolidate_k8","ns/page","4822.3","4615.7","7183.8"
"baseline","3","leaf_upgrade_k8","ns/page","6919","6762.2","8950.65"
"baseline","3","leaf_consolidate_k128","ns/page","901.1","851.9","4981.45"
"baseline","3","leaf_upgrade_k128","ns/page","1282.2","1114.8","2955.95"
"candidate","1","insert/k8","ns/op","308.966","293.054","387.164"
"candidate","1","read_hit/k8","ns/op","313.056","192.326","505.032"
"candidate","1","read_miss/k8","ns/op","208.911","200.329","248.013"
"candidate","1","update_grow/k8","ns/op","452.782","434.622","683.997"
"candidate","1","scan/k8","ns/op","15.067","13.816","16.457"
"candidate","1","insert/k32","ns/op","359.589","336.255","452.936"
"candidate","1","read_hit/k32","ns/op","229.992","215.045","237.314"
"candidate","1","read_miss/k32","ns/op","244.427","232.261","365.421"
"candidate","1","update_grow/k32","ns/op","479.045","462.157","567.267"
"candidate","1","scan/k32","ns/op","18.094","16.626","19.741"
"candidate","1","insert/k128","ns/op","496.643","459.845","599.872"
"candidate","1","read_hit/k128","ns/op","298.586","289.774","347.338"
"candidate","1","read_miss/k128","ns/op","317.41","300.203","348.576"
"candidate","1","update_grow/k128","ns/op","600.597","558.899","702.647"
"candidate","1","scan/k128","ns/op","36.954","32.771","58.45"
"candidate","1","leaf_consolidate_k8","ns/page","1417.55","1274.45","2799.7"
"candidate","1","leaf_upgrade_k8","ns/page","867","854.15","980.85"
"candidate","1","leaf_consolidate_k128","ns/page","410.9","381.1","514.15"
"candidate","1","leaf_upgrade_k128","ns/page","222.6","206.05","332.85"
"candidate","2","insert/k8","ns/op","319.495","291.663","419.55"
"candidate","2","read_hit/k8","ns/op","207.148","193.636","402.112"
"candidate","2","read_miss/k8","ns/op","214.226","201.562","227.061"
"candidate","2","update_grow/k8","ns/op","457.928","444.319","598.441"
"candidate","2","scan/k8","ns/op","14.603","13.206","34.954"
"candidate","2","insert/k32","ns/op","349.133","321.6","626.031"
"candidate","2","read_hit/k32","ns/op","228.266","214.062","256.868"
"candidate","2","read_miss/k32","ns/op","237.351","228.463","266.655"
"candidate","2","update_grow/k32","ns/op","476.434","454.961","542.145"
"candidate","2","scan/k32","ns/op","17.847","16.939","18.555"
"candidate","2","insert/k128","ns/op","500.183","463.287","572.815"
"candidate","2","read_hit/k128","ns/op","314.647","297.183","343.991"
"candidate","2","read_miss/k128","ns/op","319.316","302.641","344.155"
"candidate","2","update_grow/k128","ns/op","594.93","550.778","675.444"
"candidate","2","scan/k128","ns/op","35.131","32.275","68.258"
"candidate","2","leaf_consolidate_k8","ns/page","1468.95","1301","1603.05"
"candidate","2","leaf_upgrade_k8","ns/page","896.05","838.3","1529.25"
"candidate","2","leaf_consolidate_k128","ns/page","433.95","382.3","553.7"
"candidate","2","leaf_upgrade_k128","ns/page","199.8","197.65","258.2"
"candidate","3","insert/k8","ns/op","314.996","294.006","503.461"
"candidate","3","read_hit/k8","ns/op","214.111","201.534","260.007"
"candidate","3","read_miss/k8","ns/op","210.147","200.596","240.055"
"candidate","3","update_grow/k8","ns/op","471.66","451.01","562.538"
"candidate","3","scan/k8","ns/op","15.062","14.353","16.482"
"candidate","3","insert/k32","ns/op","356.372","324.133","388.263"
"candidate","3","read_hit/k32","ns/op","223.854","218.398","252.726"
"candidate","3","read_miss/k32","ns/op","231.221","226.518","277.368"
"candidate","3","update_grow/k32","ns/op","537.198","475.951","655.73"
"candidate","3","scan/k32","ns/op","18.476","16.561","38.72"
"candidate","3","insert/k128","ns/op","579.974","459.637","758.978"
"candidate","3","read_hit/k128","ns/op","308.95","291.024","332.722"
"candidate","3","read_miss/k128","ns/op","329.341","304.033","401.281"
"candidate","3","update_grow/k128","ns/op","602.725","583.369","689.456"
"candidate","3","scan/k128","ns/op","35.589","32.972","38.213"
"candidate","3","leaf_consolidate_k8","ns/page","1471.7","1343.15","1722.6"
"candidate","3","leaf_upgrade_k8","ns/page","864.75","825.85","1021.9"
"candidate","3","leaf_consolidate_k128","ns/page","408.7","395.95","546.15"
"candidate","3","leaf_upgrade_k128","ns/page","225.9","189.95","343.1"
