"revision","run","workload","samples","median_ns","min_ns","max_ns"
"baseline","1","read_hit/k8","21","198.156","188.898","226.42"
"baseline","2","read_hit/k8","21","197.581","187.681","246.421"
"baseline","3","read_hit/k8","21","196.958","182.615","364.157"
"baseline","4","read_hit/k8","21","199.391","187.702","241.492"
"baseline","5","read_hit/k8","21","207.832","190.486","321.388"
"baseline","6","read_hit/k8","21","199.977","189.355","327.951"
"baseline","7","read_hit/k8","21","197.451","190.012","424.347"
"candidate","1","read_hit/k8","21","205.012","190.838","364.119"
"candidate","2","read_hit/k8","21","200.072","188.754","763.342"
"candidate","3","read_hit/k8","21","198.968","189.514","251.864"
"candidate","4","read_hit/k8","21","199.316","189.668","323.32"
"candidate","5","read_hit/k8","21","206.747","193.328","425.044"
"candidate","6","read_hit/k8","21","198.771","188.882","214.622"
"candidate","7","read_hit/k8","21","201.138","189.891","239.625"
